City_ID,City,Lat,Lng,Max Temp,Humidity,Cloudiness,Wind Speed,Weather Right Now,Country,Date
0,Gat,31.61,34.7642,51.4,100,54,9.24,broken clouds,IL,2022-01-31 23:38:57
1,Rikitea,-23.1203,-134.9692,77.83,66,73,3.78,broken clouds,PF,2022-01-31 23:40:00
2,Necochea,-38.5473,-58.7368,62.04,53,63,8.32,broken clouds,AR,2022-01-31 23:37:48
3,Lorengau,-2.0226,147.2712,77.83,90,100,10.31,overcast clouds,PG,2022-01-31 23:41:57
4,Vaini,-21.2,-175.2,86.16,79,75,10.36,broken clouds,TO,2022-01-31 23:41:57
5,Albany,42.6001,-73.9662,21.81,64,7,1.92,clear sky,US,2022-01-31 23:37:49
6,Sitka,57.0531,-135.33,35.49,80,75,3.44,broken clouds,US,2022-01-31 23:39:39
7,Jamestown,42.097,-79.2353,29.84,50,0,5.75,clear sky,US,2022-01-31 23:40:52
8,Mataura,-46.1927,168.8643,75.47,50,69,2.42,broken clouds,NZ,2022-01-31 23:41:58
9,Beringovskiy,63.05,179.3167,6.24,82,96,17.58,light snow,RU,2022-01-31 23:41:08
10,Busselton,-33.65,115.3333,64.04,53,16,17.47,few clouds,AU,2022-01-31 23:39:41
11,Provideniya,64.3833,-173.3,8.71,56,40,20.13,scattered clouds,RU,2022-01-31 23:41:59
12,Khonsa,27.0167,95.5667,45.01,93,88,2.98,overcast clouds,IN,2022-01-31 23:41:59
13,Tefe,-3.3542,-64.7114,80.71,83,20,3.44,few clouds,BR,2022-01-31 23:40:52
14,Roros,62.5747,11.3842,12.04,85,100,0.0,overcast clouds,NO,2022-01-31 23:42:00
15,Saint-Philippe,-21.3585,55.7679,78.39,80,100,14.81,overcast clouds,RE,2022-01-31 23:42:00
16,Mahebourg,-20.4081,57.7,80.26,78,75,14.97,broken clouds,MU,2022-01-31 23:42:01
17,Puerto Ayora,-0.7393,-90.3518,74.55,93,64,1.99,broken clouds,EC,2022-01-31 23:42:02
18,Santiago,-33.4569,-70.6483,78.24,39,0,8.05,clear sky,CL,2022-01-31 23:42:02
19,Northam,51.0333,-4.2167,48.61,86,78,20.69,broken clouds,GB,2022-01-31 23:42:02
20,Cape Town,-33.9258,18.4232,74.12,80,0,2.3,clear sky,ZA,2022-01-31 23:41:30
21,Punta Arenas,-53.15,-70.9167,46.51,81,40,24.16,light rain,CL,2022-01-31 23:42:03
22,Atar,20.5169,-13.0499,80.28,13,100,9.91,overcast clouds,MR,2022-01-31 23:42:03
23,Port Alfred,-33.5906,26.891,75.07,95,100,4.83,overcast clouds,ZA,2022-01-31 23:42:04
24,Jinchang,38.4953,102.1739,17.55,36,100,2.01,overcast clouds,CN,2022-01-31 23:42:04
25,Arraial Do Cabo,-22.9661,-42.0278,75.16,94,75,3.44,broken clouds,BR,2022-01-31 23:38:10
26,Lebu,-37.6167,-73.65,58.3,75,0,17.43,clear sky,CL,2022-01-31 23:42:05
27,Torbay,47.6666,-52.7314,32.58,76,75,14.97,broken clouds,CA,2022-01-31 23:42:05
28,Kapaa,22.0752,-159.319,76.12,71,0,1.01,clear sky,US,2022-01-31 23:42:06
29,Dauphin,51.1494,-100.0502,17.74,86,100,9.22,overcast clouds,CA,2022-01-31 23:42:06
30,Chinsali,-10.5414,32.0816,61.14,97,87,2.53,overcast clouds,ZM,2022-01-31 23:42:06
31,Atuona,-9.8,-139.0333,78.46,77,14,17.81,few clouds,PF,2022-01-31 23:39:49
32,Dzhebariki-Khaya,62.2167,135.8,-31.63,100,97,0.89,overcast clouds,RU,2022-01-31 23:42:07
33,Butaritari,3.0707,172.7902,81.43,78,93,12.08,overcast clouds,KI,2022-01-31 23:40:40
34,Harper,4.375,-7.7169,79.21,82,36,6.55,scattered clouds,LR,2022-01-31 23:42:08
35,Krasnyy Chikoy,50.3643,108.7512,-8.36,100,100,2.15,overcast clouds,RU,2022-01-31 23:42:08
36,Carnarvon,-24.8667,113.6333,78.87,73,1,10.36,clear sky,AU,2022-01-31 23:42:09
37,Bluff,-46.6,168.3333,75.79,80,37,3.31,scattered clouds,NZ,2022-01-31 23:42:09
38,Mecca,21.4267,39.8261,61.0,64,19,9.75,few clouds,SA,2022-01-31 23:42:10
39,Kimbe,-5.5502,150.1429,81.41,82,100,2.82,moderate rain,PG,2022-01-31 23:42:10
40,Sechura,-5.5569,-80.8222,74.88,67,100,12.17,overcast clouds,PE,2022-01-31 23:42:10
41,Upata,8.0086,-62.3989,77.2,71,95,4.05,overcast clouds,VE,2022-01-31 23:42:11
42,Ushuaia,-54.8,-68.3,42.46,87,40,24.16,scattered clouds,AR,2022-01-31 23:42:11
43,Hamilton,39.1834,-84.5333,36.79,67,73,3.13,broken clouds,US,2022-01-31 23:42:12
44,New Norfolk,-42.7826,147.0587,81.72,46,27,10.33,scattered clouds,AU,2022-01-31 23:42:12
45,Saint George,37.1041,-113.5841,63.07,17,0,1.01,clear sky,US,2022-01-31 23:42:12
46,Fortuna,40.5982,-124.1573,54.43,70,1,1.01,clear sky,US,2022-01-31 23:43:13
47,Adeje,28.1227,-16.726,65.57,50,0,1.01,clear sky,ES,2022-01-31 23:42:26
48,Boissevain,49.2306,-100.0559,33.64,98,100,15.03,overcast clouds,CA,2022-01-31 23:43:14
49,Hobart,-42.8794,147.3294,83.05,50,40,5.01,scattered clouds,AU,2022-01-31 23:43:14
50,Acajutla,13.5928,-89.8275,89.94,64,3,8.12,clear sky,SV,2022-01-31 23:43:15
51,Thompson,55.7435,-97.8558,1.56,78,90,6.91,light snow,CA,2022-01-31 23:42:37
52,Khani,41.9563,42.9566,29.77,82,100,6.02,overcast clouds,GE,2022-01-31 23:43:15
53,Barrow,71.2906,-156.7887,-12.98,77,20,10.36,few clouds,US,2022-01-31 23:43:16
54,Jumla,29.2747,82.1838,30.49,65,17,3.49,few clouds,NP,2022-01-31 23:43:16
55,Sao Filipe,14.8961,-24.4956,75.04,69,100,5.35,overcast clouds,CV,2022-01-31 23:43:17
56,Toora-Khem,52.4675,96.11,-25.94,100,93,1.01,overcast clouds,RU,2022-01-31 23:41:59
57,Cherskiy,68.75,161.3,-8.46,90,100,4.03,overcast clouds,RU,2022-01-31 23:43:18
58,Karratha,-20.7377,116.8463,86.7,66,78,5.17,light rain,AU,2022-01-31 23:43:18
59,Nome,64.5011,-165.4064,17.67,45,1,10.36,clear sky,US,2022-01-31 23:41:58
60,Riyadh,24.6877,46.7219,62.74,41,27,7.11,scattered clouds,SA,2022-01-31 23:41:18
61,Severnoye,56.3491,78.3619,13.42,95,94,9.17,overcast clouds,RU,2022-01-31 23:43:19
62,Lagoa,39.05,-27.9833,58.71,79,25,23.38,scattered clouds,PT,2022-01-31 23:43:19
63,Talnakh,69.4865,88.3972,6.21,96,100,9.06,overcast clouds,RU,2022-01-31 23:43:19
64,Chokurdakh,70.6333,147.9167,-12.89,95,100,1.86,overcast clouds,RU,2022-01-31 23:41:00
65,Doba,8.65,16.85,67.69,19,56,5.53,broken clouds,TD,2022-01-31 23:43:20
66,Sorland,67.667,12.6934,34.47,55,100,10.27,overcast clouds,NO,2022-01-31 23:39:24
67,Clyde River,70.4692,-68.5914,-34.37,67,75,6.91,broken clouds,CA,2022-01-31 23:43:21
68,Makakilo City,21.3469,-158.0858,78.55,58,20,6.91,few clouds,US,2022-01-31 23:43:21
69,Asau,46.4333,26.4,25.72,86,100,4.27,overcast clouds,RO,2022-01-31 23:43:22
70,Pisco,-13.7,-76.2167,73.45,73,40,19.57,scattered clouds,PE,2022-01-31 23:43:22
71,Kodiak,57.79,-152.4072,29.71,74,100,5.75,overcast clouds,US,2022-01-31 23:43:23
72,Kruisfontein,-34.0033,24.7314,70.88,98,99,4.63,overcast clouds,ZA,2022-01-31 23:43:23
73,Santa Fe,-31.6333,-60.7,81.01,51,1,4.0,clear sky,AR,2022-01-31 23:43:24
74,Katherine,-14.4667,132.2667,77.32,94,75,6.91,light rain,AU,2022-01-31 23:43:24
75,Cabra,37.4725,-4.4421,49.89,53,0,1.97,clear sky,ES,2022-01-31 23:43:25
76,Ribeira Grande,38.5167,-28.7,59.86,75,14,14.43,few clouds,PT,2022-01-31 23:43:25
77,Auki,-8.7676,160.7034,85.86,66,100,1.34,overcast clouds,SB,2022-01-31 23:43:26
78,Palmer,42.1584,-72.3287,21.81,59,20,0.0,few clouds,US,2022-01-31 23:43:26
79,Ilulissat,69.2167,-51.1,8.62,66,40,13.8,light shower snow,GL,2022-01-31 23:43:27
80,Kavaratti,10.5669,72.642,80.08,73,2,11.03,clear sky,IN,2022-01-31 23:43:27
81,Luderitz,-26.6481,15.1594,65.23,88,9,4.99,clear sky,NA,2022-01-31 23:40:36
82,Amga,60.8953,131.9608,-10.55,98,100,3.96,light snow,RU,2022-01-31 23:43:28
83,Faya,18.3851,42.4509,53.71,83,6,5.77,clear sky,SA,2022-01-31 23:43:28
84,Pevek,69.7008,170.3133,-17.48,97,92,0.81,overcast clouds,RU,2022-01-31 23:43:29
85,Atambua,-9.1061,124.8925,76.46,82,97,13.06,overcast clouds,ID,2022-01-31 23:43:29
86,Panaba,21.2833,-88.2667,68.94,65,53,13.58,broken clouds,MX,2022-01-31 23:43:30
87,San Carlos,9.6612,-68.5827,80.62,48,38,5.26,scattered clouds,VE,2022-01-31 23:38:50
88,Mount Gambier,-37.8333,140.7667,66.11,52,75,19.57,broken clouds,AU,2022-01-31 23:43:31
89,Nikolskoye,59.7035,30.7861,26.4,97,100,4.81,snow,RU,2022-01-31 23:44:31
90,Riviere-Au-Renard,48.9957,-64.3971,10.69,82,97,8.99,overcast clouds,CA,2022-01-31 23:44:31
91,Kichera,55.9375,110.0997,-11.78,92,81,2.91,broken clouds,RU,2022-01-31 23:44:32
92,Ostrovnoy,68.0531,39.5131,11.41,96,99,5.7,overcast clouds,RU,2022-01-31 23:39:33
93,Port Hardy,50.6996,-127.4199,46.76,87,75,3.44,light intensity shower rain,CA,2022-01-31 23:44:32
94,Amberley,39.2048,-84.428,35.69,65,0,1.99,clear sky,US,2022-01-31 23:44:33
95,Paita,-5.0892,-81.1144,79.36,75,100,9.84,overcast clouds,PE,2022-01-31 23:44:33
96,Hilo,19.7297,-155.09,80.33,62,20,11.5,few clouds,US,2022-01-31 23:44:33
97,Chulym,55.0997,80.9572,10.74,96,96,8.63,overcast clouds,RU,2022-01-31 23:44:34
98,Ancud,-41.8697,-73.8203,61.43,80,4,7.87,clear sky,CL,2022-01-31 23:44:34
99,Carson City,39.1638,-119.7674,55.53,27,0,9.22,clear sky,US,2022-01-31 23:44:35
100,Asfi,32.2994,-9.2372,61.56,59,0,15.01,clear sky,MA,2022-01-31 23:44:35
101,Georgetown,5.4112,100.3354,78.89,88,20,3.0,few clouds,MY,2022-01-31 23:44:36
102,Hami,42.8,93.45,19.8,40,1,2.1,clear sky,CN,2022-01-31 23:42:13
103,Yellowknife,62.456,-114.3525,-10.44,83,20,5.75,few clouds,CA,2022-01-31 23:44:36
104,Toppenish,46.3774,-120.3087,48.85,54,43,6.93,scattered clouds,US,2022-01-31 23:44:36
105,Polunochnoye,60.8697,60.4153,-10.79,100,80,1.07,broken clouds,RU,2022-01-31 23:44:37
106,Dikson,73.5069,80.5464,-2.49,90,100,17.9,overcast clouds,RU,2022-01-31 23:41:07
107,Kurilsk,45.2333,147.8833,23.11,82,100,22.88,light snow,RU,2022-01-31 23:44:37
108,Santa Cruz,-17.8,-63.1667,83.66,70,75,11.5,broken clouds,BO,2022-01-31 23:41:07
109,Kaitangata,-46.2817,169.8464,71.92,70,66,5.95,broken clouds,NZ,2022-01-31 23:44:38
110,Rocha,-34.4833,-54.3333,60.93,62,10,7.31,clear sky,UY,2022-01-31 23:39:43
111,Acarau,-2.8856,-40.12,79.3,78,14,13.58,few clouds,BR,2022-01-31 23:44:39
112,Bosaso,11.2842,49.1816,75.29,82,25,5.99,scattered clouds,SO,2022-01-31 23:44:39
113,Sarakhs,36.5449,61.1577,37.54,60,3,4.61,clear sky,IR,2022-01-31 23:44:39
114,San Isidro,-12.1167,-77.05,75.51,79,0,1.99,clear sky,PE,2022-01-31 23:44:40
115,Skibbereen,51.55,-9.2667,48.0,86,87,19.42,overcast clouds,IE,2022-01-31 23:44:40
116,Korla,41.7597,86.1469,21.79,56,50,1.23,scattered clouds,CN,2022-01-31 23:44:40
117,Oussouye,12.485,-16.5469,75.38,78,99,12.55,overcast clouds,SN,2022-01-31 23:44:41
118,Whitecourt,54.1502,-115.6855,4.24,60,75,14.97,broken clouds,CA,2022-01-31 23:44:41
119,Airai,-8.9266,125.4092,67.42,70,78,5.57,broken clouds,TL,2022-01-31 23:41:47
120,Amazar,53.858,120.875,-6.27,92,99,3.85,overcast clouds,RU,2022-01-31 23:44:42
121,Mackay,-21.15,149.2,90.68,70,70,3.44,broken clouds,AU,2022-01-31 23:43:33
122,San Patricio,28.017,-97.5169,70.21,87,82,6.91,broken clouds,US,2022-01-31 23:44:42
123,Iquique,-20.2208,-70.1431,71.64,76,0,3.78,clear sky,CL,2022-01-31 23:43:06
124,Iquitos,-3.7481,-73.2472,86.04,70,0,2.3,clear sky,PE,2022-01-31 23:44:43
125,Berlevag,70.8578,29.0864,22.84,81,89,8.97,overcast clouds,NO,2022-01-31 23:42:13
126,Yulara,-25.2406,130.9889,71.44,100,100,17.27,moderate rain,AU,2022-01-31 23:44:43
127,Petropavlovsk-Kamchatskiy,53.0452,158.6483,25.39,74,100,13.42,light shower snow,RU,2022-01-31 23:44:43
128,Arlit,18.7369,7.3853,54.3,21,0,3.6,clear sky,NE,2022-01-31 23:44:44
129,Wahpeton,46.2652,-96.6059,26.42,80,40,17.27,scattered clouds,US,2022-01-31 23:40:29
130,College,64.8569,-147.8028,-7.42,73,0,0.0,clear sky,US,2022-01-31 23:44:44
131,Narsaq,60.9167,-46.05,26.82,93,100,2.59,light snow,GL,2022-01-31 23:44:45
132,Avarua,-21.2078,-159.775,71.65,100,100,9.22,heavy intensity rain,CK,2022-01-31 23:44:45
133,Khatanga,71.9667,102.5,-29.13,100,42,2.82,scattered clouds,RU,2022-01-31 23:44:45
134,Honghu,29.8206,113.4621,39.65,81,98,6.69,overcast clouds,CN,2022-01-31 23:44:46
135,Katsuura,35.1333,140.3,44.11,43,89,6.62,overcast clouds,JP,2022-01-31 23:41:06
136,Tasiilaq,65.6145,-37.6368,8.76,98,96,5.26,overcast clouds,GL,2022-01-31 23:41:54
137,Rochegda,62.8,43.25,8.22,94,100,7.09,overcast clouds,RU,2022-01-31 23:45:47
138,Bambous Virieux,-20.3428,57.7575,79.21,78,75,14.97,broken clouds,MU,2022-01-31 23:45:47
139,Morant Bay,17.8815,-76.4093,78.42,84,20,11.48,few clouds,JM,2022-01-31 23:45:47
140,Aktau,43.65,51.2,30.78,87,100,8.23,overcast clouds,KZ,2022-01-31 23:45:48
141,Ranau,5.9538,116.6641,70.45,84,53,1.72,broken clouds,MY,2022-01-31 23:45:48
142,Kysyl-Syr,63.8986,122.7617,-30.75,99,59,4.05,broken clouds,RU,2022-01-31 23:45:48
143,Hermanus,-34.4187,19.2345,73.9,88,2,9.01,clear sky,ZA,2022-01-31 23:45:49
144,Qaanaaq,77.484,-69.3632,-22.63,52,0,11.16,clear sky,GL,2022-01-31 23:41:01
145,Port Keats,-14.25,129.55,82.18,80,57,22.37,broken clouds,AU,2022-01-31 23:45:49
146,Vetluzhskiy,58.3902,45.4654,21.67,95,100,8.1,light snow,RU,2022-01-31 23:45:50
147,La Ronge,55.1001,-105.2842,5.25,72,100,16.11,overcast clouds,CA,2022-01-31 23:45:50
148,Yvetot,49.6174,0.7581,44.56,88,15,8.32,few clouds,FR,2022-01-31 23:45:51
149,Seoul,37.5683,126.9778,31.39,83,98,8.05,light snow,KR,2022-01-31 23:43:32
150,Tuktoyaktuk,69.4541,-133.0374,-18.4,76,75,0.0,light snow,CA,2022-01-31 23:45:51
151,Muros,42.7762,-9.0603,51.1,75,6,14.52,clear sky,ES,2022-01-31 23:45:52
152,Mar Del Plata,-38.0023,-57.5575,65.08,57,0,3.0,clear sky,AR,2022-01-31 23:42:26
153,Meulaboh,4.1363,96.1285,75.97,88,42,2.64,scattered clouds,ID,2022-01-31 23:45:52
154,Takoradi,4.8845,-1.7554,78.22,85,71,4.7,broken clouds,GH,2022-01-31 23:45:53
155,Bathsheba,13.2167,-59.5167,79.41,78,40,11.5,scattered clouds,BB,2022-01-31 23:45:53
156,Hongjiang,27.11,109.9956,37.09,100,100,3.18,light rain,CN,2022-01-31 23:45:53
157,Estacion Coahuila,32.1939,-115.0017,75.96,11,100,6.24,overcast clouds,MX,2022-01-31 23:45:54
158,Port Elizabeth,-33.918,25.5701,73.69,94,100,9.22,mist,ZA,2022-01-31 23:45:54
159,Tancitaro,19.3333,-102.3667,66.87,31,3,3.42,clear sky,MX,2022-01-31 23:45:55
160,Khanino,54.211,36.6229,28.51,98,98,7.76,overcast clouds,RU,2022-01-31 23:45:55
161,Nemuro,43.3236,145.575,25.23,66,37,21.03,scattered clouds,JP,2022-01-31 23:45:56
162,Muroto,33.2833,134.15,35.64,53,57,12.48,broken clouds,JP,2022-01-31 23:45:56
163,Vardo,70.3705,31.1107,14.2,80,56,8.79,broken clouds,NO,2022-01-31 23:45:56
164,Namatanai,-3.6667,152.4333,82.0,76,95,4.16,moderate rain,PG,2022-01-31 23:45:57
165,Komsomolskiy,40.4272,71.7189,29.62,80,95,4.61,mist,UZ,2022-01-31 23:45:57
166,Bengkulu,-3.8004,102.2655,75.85,86,100,3.87,overcast clouds,ID,2022-01-31 23:45:58
167,Cabedelo,-6.9811,-34.8339,79.47,75,21,10.45,few clouds,BR,2022-01-31 23:45:58
168,Peruibe,-24.32,-46.9983,74.08,93,99,5.75,overcast clouds,BR,2022-01-31 23:45:58
169,Jiaojiang,28.6803,121.4428,45.0,78,100,6.78,light rain,CN,2022-01-31 23:45:59
170,Yamada,39.4667,141.95,29.12,47,3,2.33,clear sky,JP,2022-01-31 23:45:59
171,Tuatapere,-46.1333,167.6833,75.81,48,75,0.58,broken clouds,NZ,2022-01-31 23:46:00
172,Cabo San Lucas,22.8909,-109.9124,76.6,57,1,5.01,clear sky,MX,2022-01-31 23:43:56
173,Juneau,58.3019,-134.4197,27.21,77,20,6.91,few clouds,US,2022-01-31 23:43:45
174,Odawara,35.2556,139.1597,46.9,63,64,2.46,broken clouds,JP,2022-01-31 23:46:00
175,Longyearbyen,78.2186,15.6401,12.04,67,20,9.22,few clouds,SJ,2022-01-31 23:43:26
176,Luwuk,-0.9516,122.7875,82.49,67,96,2.01,overcast clouds,ID,2022-01-31 23:46:02
177,Wad Madani,14.4012,33.5199,63.61,21,6,11.52,clear sky,SD,2022-01-31 23:45:48
178,Capreol,46.706,-80.9225,16.27,62,20,8.05,few clouds,CA,2022-01-31 23:46:02
179,Kassala,15.451,36.4,66.87,20,2,7.85,clear sky,SD,2022-01-31 23:46:02
180,Podor,16.6527,-14.9587,84.15,21,0,4.61,clear sky,MR,2022-01-31 23:46:03
181,Udachnyy,66.4167,112.4,-36.04,100,81,3.38,broken clouds,RU,2022-01-31 23:44:41
182,Norman Wells,65.282,-126.8329,5.04,72,100,11.5,overcast clouds,CA,2022-01-31 23:47:04
183,Karasjok,69.4719,25.5112,6.91,100,82,3.69,broken clouds,NO,2022-01-31 23:47:04
184,San Ramon De La Nueva Oran,-23.1322,-64.326,79.38,73,94,4.36,overcast clouds,AR,2022-01-31 23:47:04
185,Victoria,22.2855,114.1577,58.95,92,95,1.01,overcast clouds,HK,2022-01-31 23:46:14
186,Saint-Francois,46.4154,3.9054,35.42,80,0,6.91,clear sky,FR,2022-01-31 23:47:05
187,Wanning,18.8003,110.3967,70.21,91,96,3.6,overcast clouds,CN,2022-01-31 23:47:06
188,Ketchikan,55.3422,-131.6461,39.18,87,100,0.0,overcast clouds,US,2022-01-31 23:45:29
189,Nelson Bay,-32.7167,152.15,86.29,75,10,1.01,light rain,AU,2022-01-31 23:47:07
190,Miandrivazo,-19.5167,45.4667,78.93,80,2,0.25,clear sky,MG,2022-01-31 23:47:07
191,Hambantota,6.1241,81.1185,74.91,81,21,13.0,few clouds,LK,2022-01-31 23:47:08
192,Constitucion,-35.3333,-72.4167,60.04,71,0,10.54,clear sky,CL,2022-01-31 23:47:08
193,Viedma,-40.8135,-62.9967,69.37,26,16,3.31,few clouds,AR,2022-01-31 23:47:08
194,Oranjemund,-28.55,16.4333,67.12,84,0,7.65,clear sky,NA,2022-01-31 23:47:09
195,Lavrentiya,65.5833,-171.0,-1.46,84,38,11.07,scattered clouds,RU,2022-01-31 23:47:09
196,Bethel,41.3712,-73.414,25.66,91,60,1.61,broken clouds,US,2022-01-31 23:46:26
197,Vao,-22.6667,167.4833,77.88,84,100,9.06,overcast clouds,NC,2022-01-31 23:47:10
198,Nador,35.174,-2.9287,66.45,32,0,10.36,clear sky,MA,2022-01-31 23:47:10
199,Castro,-24.7911,-50.0119,64.31,90,9,4.18,clear sky,BR,2022-01-31 23:47:11
200,Sao Joao Da Barra,-21.6403,-41.0511,77.67,88,92,6.89,overcast clouds,BR,2022-01-31 23:47:11
201,Ahmadpur,18.7,76.9333,63.81,33,6,4.68,clear sky,IN,2022-01-31 23:47:12
202,Port Blair,11.6667,92.75,68.04,94,20,0.0,mist,IN,2022-01-31 23:47:12
203,Banda Aceh,5.5577,95.3222,76.89,85,99,7.83,overcast clouds,ID,2022-01-31 23:47:12
204,Pedernales,18.0384,-71.744,75.88,76,13,0.65,few clouds,DO,2022-01-31 23:44:43
205,Chara,56.9064,118.2631,-22.56,90,78,1.07,broken clouds,RU,2022-01-31 23:47:13
206,Victor Harbor,-35.5667,138.6167,72.72,70,68,4.0,broken clouds,AU,2022-01-31 23:47:13
207,Broome,42.2506,-75.833,19.98,71,11,1.01,few clouds,US,2022-01-31 23:47:14
208,Carmen,18.6333,-91.8333,80.64,54,0,11.5,clear sky,MX,2022-01-31 23:47:14
209,Scarborough,54.2797,-0.4044,44.51,88,91,5.01,moderate rain,GB,2022-01-31 23:43:38
210,Brae,60.3964,-1.353,40.91,97,100,24.32,overcast clouds,GB,2022-01-31 23:47:15
211,Teknaf,20.8624,92.3058,58.28,64,68,6.04,broken clouds,BD,2022-01-31 23:47:15
212,Yertsevo,60.7966,40.086,15.51,95,100,6.98,overcast clouds,RU,2022-01-31 23:47:16
213,Sinegorye,62.0788,150.477,-7.33,99,100,4.07,light snow,RU,2022-01-31 23:47:16
214,Saint-Leu,-21.15,55.2833,77.86,78,87,14.41,overcast clouds,RE,2022-01-31 23:47:17
215,Chuy,-33.6971,-53.4616,63.1,63,22,9.1,few clouds,UY,2022-01-31 23:47:17
216,Elizabeth City,36.2946,-76.2511,43.02,81,0,8.05,clear sky,US,2022-01-31 23:47:17
217,San Marcos,33.1434,-117.1661,67.48,71,0,4.0,clear sky,US,2022-01-31 23:47:18
218,Banjar,-8.19,114.9675,82.26,80,95,2.17,overcast clouds,ID,2022-01-31 23:47:18
219,Tautira,-17.7333,-149.15,86.02,78,33,19.39,light rain,PF,2022-01-31 23:47:19
220,Labuhan,-6.8844,112.2051,79.07,84,100,5.99,overcast clouds,ID,2022-01-31 23:47:19
221,Shache,38.4167,77.2406,29.71,40,92,1.23,overcast clouds,CN,2022-01-31 23:47:20
222,Hirara,24.8,125.2833,64.67,63,75,9.22,broken clouds,JP,2022-01-31 23:47:20
223,Severo-Kurilsk,50.6789,156.125,29.05,74,100,21.43,light snow,RU,2022-01-31 23:47:20
224,Upernavik,72.7868,-56.1549,-19.12,99,94,6.87,overcast clouds,GL,2022-01-31 23:43:24
225,Matara,5.9485,80.5353,72.77,89,9,8.57,clear sky,LK,2022-01-31 23:47:21
226,Poya,-21.35,165.15,84.99,63,100,4.81,overcast clouds,NC,2022-01-31 23:45:28
227,Ariquemes,-9.9133,-63.0408,71.51,99,100,2.48,overcast clouds,BR,2022-01-31 23:47:22
228,Nurota,40.5614,65.6886,30.29,62,2,6.85,clear sky,UZ,2022-01-31 23:48:22
229,Esperance,-33.8667,121.9,64.24,57,87,16.89,overcast clouds,AU,2022-01-31 23:48:22
230,Kiboga,0.9161,31.7742,65.97,76,100,2.66,overcast clouds,UG,2022-01-31 23:48:23
231,Dawson Creek,55.7666,-120.2362,-0.76,71,75,6.91,broken clouds,CA,2022-01-31 23:45:07
232,Hovd,48.0056,91.6419,-13.43,81,32,1.25,scattered clouds,MN,2022-01-31 23:48:23
233,Krutinka,56.0055,71.5113,19.49,95,95,9.42,overcast clouds,RU,2022-01-31 23:48:24
234,Bystryy Istok,52.371,84.3873,9.03,95,100,1.77,overcast clouds,RU,2022-01-31 23:48:24
235,Hithadhoo,-0.6,73.0833,82.11,75,26,11.68,scattered clouds,MV,2022-01-31 23:48:24
236,Ulladulla,-35.35,150.4667,87.87,54,20,3.2,few clouds,AU,2022-01-31 23:48:25
237,Madison,34.7334,-86.5667,54.82,43,0,7.0,clear sky,US,2022-01-31 23:45:48
238,Wanaka,-44.7,169.15,78.12,36,100,3.0,overcast clouds,NZ,2022-01-31 23:44:10
239,Faanui,-16.4833,-151.75,81.05,72,6,21.18,light rain,PF,2022-01-31 23:48:26
240,Sorong,-0.8833,131.25,81.14,74,93,15.55,light rain,ID,2022-01-31 23:48:26
241,Vanavara,60.34,102.2797,-11.22,100,91,1.97,overcast clouds,RU,2022-01-31 23:48:26
242,Humaita,-7.5061,-63.0208,74.07,96,85,2.33,overcast clouds,BR,2022-01-31 23:48:27
243,Macae,-22.3708,-41.7869,75.07,100,0,0.0,clear sky,BR,2022-01-31 23:48:27
244,El Sauzal,31.9,-116.6833,59.41,79,95,2.68,overcast clouds,MX,2022-01-31 23:48:28
245,Starogard Gdanski,53.964,18.5264,28.87,100,48,8.99,scattered clouds,PL,2022-01-31 23:48:28
246,Noumea,-22.2763,166.4572,78.78,73,91,7.34,overcast clouds,NC,2022-01-31 23:47:17
247,Harindanga,22.0383,88.3214,60.78,85,40,1.61,scattered clouds,IN,2022-01-31 23:48:28
248,Chapais,49.7834,-74.8492,-11.42,99,79,3.04,broken clouds,CA,2022-01-31 23:48:29
249,Kant,27.8,79.8,49.96,77,0,4.54,clear sky,IN,2022-01-31 23:48:29
250,Ambon,-3.6954,128.1814,86.14,66,40,12.66,scattered clouds,ID,2022-01-31 23:48:30
251,Maridi,4.9158,29.4742,75.61,27,82,1.99,broken clouds,SS,2022-01-31 23:48:30
252,Clarence Town,-32.5833,151.7833,87.35,51,17,5.23,few clouds,AU,2022-01-31 23:48:31
253,Turukhansk,65.8167,87.9833,9.64,94,100,11.86,overcast clouds,RU,2022-01-31 23:48:31
254,Baglan,36.1307,68.7083,43.16,59,3,3.6,clear sky,AF,2022-01-31 23:48:31
255,Nanortalik,60.1432,-45.2371,25.61,81,100,16.84,light snow,GL,2022-01-31 23:48:32
256,Los Llanos De Aridane,28.6585,-17.9182,57.13,67,0,7.0,clear sky,ES,2022-01-31 23:48:32
257,Geraldton,-28.7667,114.6,72.01,56,3,20.71,clear sky,AU,2022-01-31 23:47:31
258,Ambilobe,-13.2,49.05,73.94,94,100,1.61,overcast clouds,MG,2022-01-31 23:47:13
259,Ponta Do Sol,32.6667,-17.1,66.0,83,35,12.88,scattered clouds,PT,2022-01-31 23:48:33
260,Cidreira,-30.1811,-50.2056,73.33,85,26,3.89,scattered clouds,BR,2022-01-31 23:48:33
261,Fare,-16.7,-151.0167,81.01,73,5,20.0,clear sky,PF,2022-01-31 23:48:34
262,East London,-33.0153,27.9116,77.18,73,100,2.71,overcast clouds,ZA,2022-01-31 23:47:40
263,Winnemucca,40.973,-117.7357,48.25,27,0,12.66,clear sky,US,2022-01-31 23:48:34
264,Port-Cartier,50.0334,-66.8654,5.22,92,67,7.25,broken clouds,CA,2022-01-31 23:48:35
265,Marawi,7.9986,124.2928,70.32,90,100,1.39,overcast clouds,PH,2022-01-31 23:48:35
266,Vila Do Maio,15.1333,-23.2167,70.59,77,100,12.37,overcast clouds,CV,2022-01-31 23:48:35
267,Isoka,-10.1606,32.6335,61.36,97,99,0.87,overcast clouds,ZM,2022-01-31 23:48:36
268,San Quintin,30.4833,-115.95,61.56,61,84,10.85,broken clouds,MX,2022-01-31 23:45:58
269,Pacific Grove,36.6177,-121.9166,60.28,84,40,4.0,scattered clouds,US,2022-01-31 23:48:36
270,Port Hedland,-20.3167,118.5667,84.25,84,100,3.44,overcast clouds,AU,2022-01-31 23:48:36
271,Bredasdorp,-34.5322,20.0403,74.28,88,23,4.61,few clouds,ZA,2022-01-31 23:47:31
272,Sijunjung,-0.6876,100.9537,71.47,97,93,1.03,overcast clouds,ID,2022-01-31 23:48:37
273,Semey,50.4111,80.2275,0.21,97,23,5.53,few clouds,KZ,2022-01-31 23:48:37
274,Saint Albans,51.75,-0.3333,43.72,84,75,11.5,broken clouds,GB,2022-01-31 23:48:38
275,Tiksi,71.6872,128.8694,-10.71,100,100,6.58,overcast clouds,RU,2022-01-31 23:46:10
276,Tura,25.5198,90.2201,54.81,65,25,4.99,scattered clouds,IN,2022-01-31 23:49:38
277,Caravelas,-17.7125,-39.2481,78.71,87,3,8.97,clear sky,BR,2022-01-31 23:49:39
278,Nesebar,42.7833,27.7333,35.02,68,57,5.46,broken clouds,BG,2022-01-31 23:49:39
279,Hofn,64.2539,-15.2082,30.36,86,97,8.63,overcast clouds,IS,2022-01-31 23:49:40
280,Dunedin,-45.8742,170.5036,65.8,82,82,13.0,broken clouds,NZ,2022-01-31 23:49:40
281,Minjur,13.2667,80.2667,75.99,76,38,1.3,scattered clouds,IN,2022-01-31 23:49:40
282,Dalaba,10.7,-12.25,65.91,17,87,3.78,overcast clouds,GN,2022-01-31 23:49:41
283,Kedougou,12.5579,-12.1743,80.96,13,79,2.39,broken clouds,SN,2022-01-31 23:49:41
284,Kisangani,0.5167,25.2,73.36,80,100,4.32,overcast clouds,CD,2022-01-31 23:49:41
285,Egvekinot,66.3167,-179.1667,1.6,70,85,13.33,overcast clouds,RU,2022-01-31 23:49:42
286,Xinxiang,35.3089,113.8672,29.19,43,17,5.5,few clouds,CN,2022-01-31 23:49:42
287,North Bend,43.4065,-124.2243,48.85,90,40,4.61,scattered clouds,US,2022-01-31 23:48:07
288,Sao Felix Do Xingu,-6.6447,-51.995,71.64,97,98,1.1,overcast clouds,BR,2022-01-31 23:49:43
289,Iqaluit,63.7506,-68.5145,-29.31,66,20,3.0,few clouds,CA,2022-01-31 23:49:43
290,Grindavik,63.8424,-22.4338,39.15,87,20,35.68,few clouds,IS,2022-01-31 23:49:44
291,Serafimovich,49.5786,42.736,35.62,87,100,15.05,overcast clouds,RU,2022-01-31 23:49:44
292,Basco,20.4487,121.9702,71.73,72,81,24.43,broken clouds,PH,2022-01-31 23:49:44
293,Sabha,27.0377,14.4283,49.28,45,0,9.53,clear sky,LY,2022-01-31 23:49:45
294,Krumbach,48.2418,10.3632,35.26,83,100,18.32,snow,DE,2022-01-31 23:49:45
295,Puerto Colombia,10.9878,-74.9547,78.89,79,2,23.71,clear sky,CO,2022-01-31 23:49:45
296,Gornyy,55.1153,83.9059,13.01,95,100,6.71,overcast clouds,RU,2022-01-31 23:49:46
297,Kayes,14.0,-11.0,84.45,11,84,10.83,broken clouds,ML,2022-01-31 23:49:46
298,Pangnirtung,66.1451,-65.7125,-25.6,68,20,2.3,few clouds,CA,2022-01-31 23:49:46
299,Carutapera,-1.195,-46.02,74.75,93,99,11.27,overcast clouds,BR,2022-01-31 23:49:47
300,Codrington,-38.2667,141.9667,63.19,62,71,20.49,broken clouds,AU,2022-01-31 23:49:47
301,Masunga,-20.6246,27.4488,64.74,83,70,8.61,broken clouds,BW,2022-01-31 23:49:47
302,Ciudad Bolivar,8.1222,-63.5497,84.7,50,95,12.3,overcast clouds,VE,2022-01-31 23:49:48
303,Qom,34.6401,50.8764,41.94,63,100,6.8,overcast clouds,IR,2022-01-31 23:49:48
304,Zlobin,45.2924,14.6541,36.7,62,20,13.8,few clouds,HR,2022-01-31 23:49:49
305,Makasar,-5.14,119.4221,75.25,94,20,3.44,few clouds,ID,2022-01-31 23:49:49
306,Taperoa,-7.2075,-36.8267,75.47,74,18,12.93,few clouds,BR,2022-01-31 23:49:49
307,Luau,-10.7073,22.2247,63.81,98,100,5.37,light rain,AO,2022-01-31 23:49:50
308,Meadow Lake,34.8014,-106.5436,56.17,28,15,1.88,few clouds,US,2022-01-31 23:49:50
309,Wana,32.2989,69.5725,40.8,43,1,7.74,clear sky,PK,2022-01-31 23:49:51
310,Misratah,32.3754,15.0925,55.56,40,51,17.0,broken clouds,LY,2022-01-31 23:49:51
311,San Cristobal,7.7669,-72.225,75.38,81,66,2.42,broken clouds,VE,2022-01-31 23:49:52
312,Leningradskiy,69.3833,178.4167,-17.01,94,67,9.53,broken clouds,RU,2022-01-31 23:49:52
313,Saint Anthony,45.0205,-93.218,29.14,74,75,5.99,broken clouds,US,2022-01-31 23:49:52
314,Guerrero Negro,27.9769,-114.0611,65.75,48,21,11.79,few clouds,MX,2022-01-31 23:47:40
315,Flinders,-34.5833,150.8552,88.05,71,26,5.99,scattered clouds,AU,2022-01-31 23:48:43
316,Mahibadhoo,3.7833,72.9667,82.17,77,19,13.42,few clouds,MV,2022-01-31 23:49:53
317,Daru,-9.0763,143.2092,77.63,88,100,8.88,light rain,PG,2022-01-31 23:49:53
318,Gejiu,23.306,103.1635,36.64,95,100,4.27,overcast clouds,CN,2022-01-31 23:49:54
319,Half Moon Bay,37.4636,-122.4286,62.71,74,0,1.99,mist,US,2022-01-31 23:49:54
320,Hasaki,35.7333,140.8333,39.29,40,44,4.47,scattered clouds,JP,2022-01-31 23:49:55
321,Tumut,-35.3,148.2167,77.99,49,100,3.47,overcast clouds,AU,2022-01-31 23:49:55
322,Passos,-20.7189,-46.6097,67.73,96,100,1.7,light rain,BR,2022-01-31 23:49:56
323,Lufilufi,-13.8745,-171.5986,89.38,72,100,10.18,light rain,WS,2022-01-31 23:50:56
324,Casteltermini,37.5405,13.6445,47.75,83,80,11.68,broken clouds,IT,2022-01-31 23:50:56
325,Bilma,18.6853,12.9164,54.1,22,0,5.93,clear sky,NE,2022-01-31 23:50:57
326,Saskylakh,71.9167,114.0833,-28.79,100,84,2.3,broken clouds,RU,2022-01-31 23:49:52
327,Sistranda,63.7256,8.834,35.91,61,100,18.19,light snow,NO,2022-01-31 23:47:39
328,Goderich,43.7501,-81.7165,23.32,63,32,5.75,scattered clouds,CA,2022-01-31 23:50:04
329,Veraval,20.9,70.3667,68.68,82,0,11.05,clear sky,IN,2022-01-31 23:50:57
330,Quime,-16.9833,-67.2167,51.98,98,96,6.22,overcast clouds,BO,2022-01-31 23:50:58
331,Namie,37.4833,141.0,38.97,58,5,0.18,clear sky,JP,2022-01-31 23:50:58
332,Ippy,6.2679,21.2247,72.9,20,47,2.64,scattered clouds,CF,2022-01-31 23:50:58
333,Micheweni,-4.9667,39.8333,78.31,78,42,6.08,scattered clouds,TZ,2022-01-31 23:47:12
334,Imbituba,-28.24,-48.6703,76.89,91,37,1.95,scattered clouds,BR,2022-01-31 23:50:59
335,Aklavik,68.2191,-135.0107,1.4,78,75,11.5,broken clouds,CA,2022-01-31 23:50:59
336,Boyuibe,-20.4167,-63.2833,78.71,67,91,3.96,overcast clouds,BO,2022-01-31 23:51:00
337,Maniitsoq,65.4167,-52.9,7.32,87,99,10.76,light snow,GL,2022-01-31 23:51:00
338,Sundsvall,62.3913,17.3063,13.96,79,100,12.66,overcast clouds,SE,2022-01-31 23:51:00
339,Hailun,47.45,126.9333,-19.3,100,47,2.3,scattered clouds,CN,2022-01-31 23:51:01
340,Sadiqabad,28.3062,70.1307,60.69,32,0,8.41,clear sky,PK,2022-01-31 23:51:01
341,Cherkasskoye,52.4333,47.2167,32.67,98,100,15.79,light snow,RU,2022-01-31 23:51:02
342,Mutis,6.2262,-77.4044,78.12,82,90,5.32,overcast clouds,CO,2022-01-31 23:51:02
343,Zhanaozen,43.3,52.8,33.76,88,56,8.95,broken clouds,KZ,2022-01-31 23:51:03
344,Barvinkove,48.9097,37.0205,29.32,91,97,14.92,overcast clouds,UA,2022-01-31 23:51:03
345,Xuddur,4.1213,43.8894,70.38,82,44,14.74,scattered clouds,SO,2022-01-31 23:51:04
346,Evensk,61.95,159.2333,20.84,64,100,28.19,overcast clouds,RU,2022-01-31 23:51:04
347,Tual,-5.6667,132.75,83.86,74,100,21.65,overcast clouds,ID,2022-01-31 23:51:03
348,Ginda,30.6945,78.4932,34.88,40,5,8.01,clear sky,IN,2022-01-31 23:51:05
349,Niquero,20.0431,-77.5828,73.4,71,59,21.61,broken clouds,CU,2022-01-31 23:51:05
350,Klaksvik,62.2266,-6.589,47.32,82,100,36.84,overcast clouds,FO,2022-01-31 23:50:45
351,Thunder Bay,48.4001,-89.3168,26.58,83,75,8.05,broken clouds,CA,2022-01-31 23:51:05
352,Portland,45.5234,-122.6762,48.69,81,90,1.99,overcast clouds,US,2022-01-31 23:46:57
353,Vestmannaeyjar,63.4427,-20.2734,41.72,79,90,36.44,overcast clouds,IS,2022-01-31 23:51:06
354,Opunake,-39.4556,173.8583,72.63,62,100,2.01,overcast clouds,NZ,2022-01-31 23:51:06
355,Vaitape,-16.5167,-151.75,81.07,72,6,21.16,light rain,PF,2022-01-31 23:51:07
356,Touros,-5.1989,-35.4608,79.7,73,62,12.17,broken clouds,BR,2022-01-31 23:51:07
357,Znamenskoye,57.1281,73.8282,10.2,97,96,3.87,overcast clouds,RU,2022-01-31 23:51:07
358,Ayr,55.4627,-4.6339,49.5,100,75,19.57,broken clouds,GB,2022-01-31 23:51:08
359,Mandalgovi,45.7625,106.2708,2.3,57,3,6.22,clear sky,MN,2022-01-31 23:51:08
360,Saldanha,-33.0117,17.9442,66.25,77,16,6.76,few clouds,ZA,2022-01-31 23:51:08
361,Omboue,-1.5746,9.2618,77.83,86,90,4.88,overcast clouds,GA,2022-01-31 23:51:09
362,Ust-Nera,64.5667,143.2,-3.68,99,100,3.56,light snow,RU,2022-01-31 23:51:09
363,Houma,29.5958,-90.7195,62.6,63,48,5.99,scattered clouds,US,2022-01-31 23:51:09
364,Port Macquarie,-31.4333,152.9167,84.88,66,8,3.29,clear sky,AU,2022-01-31 23:48:09
365,Cayenne,4.9333,-52.3333,80.1,84,75,4.0,broken clouds,GF,2022-01-31 23:51:10
366,Kidal,18.4411,1.4078,64.65,8,37,13.69,scattered clouds,ML,2022-01-31 23:51:11
367,Shingu,33.7333,135.9833,41.99,50,8,4.85,clear sky,JP,2022-01-31 23:51:11
368,Montrose,38.4166,-108.2673,41.34,56,35,2.48,scattered clouds,US,2022-01-31 23:51:11
369,Ambovombe,-25.1667,46.0833,70.86,84,49,10.69,scattered clouds,MG,2022-01-31 23:52:12
370,Nuuk,64.1835,-51.7216,16.88,92,100,15.01,overcast clouds,GL,2022-01-31 23:52:12
371,Vanimo,-2.6741,141.3028,81.05,69,100,5.19,overcast clouds,PG,2022-01-31 23:52:12
372,Vila,42.0304,-8.1588,40.08,73,2,6.35,clear sky,PT,2022-01-31 23:52:13
373,Lamu,-2.2717,40.902,79.02,86,72,8.05,broken clouds,KE,2022-01-31 23:52:13
374,Olinda,-8.0089,-34.8553,78.53,89,75,5.75,thunderstorm,BR,2022-01-31 23:52:13
375,Russell,32.3502,-85.1999,62.2,46,1,0.0,clear sky,US,2022-01-31 23:48:42
376,Erzin,36.9559,36.2,43.32,82,87,4.88,overcast clouds,TR,2022-01-31 23:48:48
377,Taltal,-25.4,-70.4833,66.15,77,5,4.88,clear sky,CL,2022-01-31 23:52:14
378,Nantucket,41.2835,-70.0995,27.14,64,0,5.75,clear sky,US,2022-01-31 23:52:14
379,Lake City,30.1897,-82.6393,61.0,50,0,0.0,clear sky,US,2022-01-31 23:52:15
380,Bandarbeyla,9.4942,50.8122,76.44,77,58,15.1,broken clouds,SO,2022-01-31 23:52:15
381,Vanino,49.0869,140.2543,6.22,68,98,9.01,overcast clouds,RU,2022-01-31 23:52:16
382,Kieta,-6.2167,155.6333,81.64,79,100,5.23,moderate rain,PG,2022-01-31 23:52:16
383,Marzuq,14.4,46.4667,59.5,63,48,5.28,scattered clouds,YE,2022-01-31 23:49:52
384,Bud,39.447,-86.1758,37.49,70,69,7.05,broken clouds,US,2022-01-31 23:51:15
385,Youghal,51.95,-7.8506,48.67,98,97,16.87,overcast clouds,IE,2022-01-31 23:52:16
386,Copiapo,-27.3667,-70.3333,64.09,53,4,5.17,clear sky,CL,2022-01-31 23:49:27
387,Lavras,-21.2453,-44.9997,67.73,91,98,2.42,overcast clouds,BR,2022-01-31 23:52:17
388,Pangai,-19.8,-174.35,80.78,73,84,11.77,light rain,TO,2022-01-31 23:52:15
389,Opuwo,-18.0607,13.84,62.46,63,100,7.0,overcast clouds,NA,2022-01-31 23:48:35
390,Svetlogorsk,52.6333,29.7333,24.87,94,100,11.68,overcast clouds,BY,2022-01-31 23:52:18
391,Sambava,-14.2667,50.1667,76.14,88,100,7.99,overcast clouds,MG,2022-01-31 23:51:33
392,Kenai,60.5544,-151.2583,17.02,92,0,8.05,clear sky,US,2022-01-31 23:52:18
393,Ouango,4.3133,22.5552,69.91,35,83,1.3,broken clouds,CF,2022-01-31 23:52:18
394,Alice Springs,-23.7,133.8833,76.55,88,100,16.11,overcast clouds,AU,2022-01-31 23:52:19
395,Anadyr,64.75,177.4833,18.1,45,0,8.95,clear sky,RU,2022-01-31 23:52:19
396,Gebze,40.8028,29.4307,41.2,65,0,2.3,clear sky,TR,2022-01-31 23:52:20
397,High Level,58.5169,-117.136,-2.09,71,75,4.61,light snow,CA,2022-01-31 23:52:20
398,Fairbanks,64.8378,-147.7164,-7.4,73,0,0.0,clear sky,US,2022-01-31 23:48:30
399,Pechenga,69.5259,31.1703,-6.74,99,18,4.36,few clouds,RU,2022-01-31 23:52:20
400,Saint-Pierre,-21.3393,55.4781,78.48,73,20,11.5,few clouds,RE,2022-01-31 23:51:35
401,Kahului,20.8947,-156.47,79.86,68,40,16.11,scattered clouds,US,2022-01-31 23:52:15
402,Nishihara,26.1842,127.7558,60.08,75,75,3.44,broken clouds,JP,2022-01-31 23:52:00
403,Kupang,-10.1667,123.5833,82.98,89,75,8.05,broken clouds,ID,2022-01-31 23:52:21
404,Sao Jose Da Coroa Grande,-8.8978,-35.1478,79.03,77,10,6.44,clear sky,BR,2022-01-31 23:52:21
405,Todos Santos,23.45,-110.2167,76.1,56,1,13.06,clear sky,MX,2022-01-31 23:52:22
406,Fallon,39.4735,-118.7774,53.47,17,75,8.05,broken clouds,US,2022-01-31 23:52:22
407,Charagua,-19.8,-63.2167,78.37,76,80,3.09,broken clouds,BO,2022-01-31 23:52:23
408,Alta Floresta,-9.8756,-56.0861,70.7,97,73,2.44,broken clouds,BR,2022-01-31 23:52:23
409,Pitlochry,56.7051,-3.7343,43.92,99,100,5.03,overcast clouds,GB,2022-01-31 23:52:23
410,Vila Franca Do Campo,37.7167,-25.4333,59.41,82,54,14.56,broken clouds,PT,2022-01-31 23:52:24
411,Maxixe,-23.8597,35.3472,74.48,85,36,5.53,scattered clouds,MZ,2022-01-31 23:52:24
412,Quatre Cocos,-20.2078,57.7625,79.09,74,57,23.98,broken clouds,MU,2022-01-31 23:52:24
413,Finschhafen,-6.6024,147.8681,84.34,72,100,5.55,overcast clouds,PG,2022-01-31 23:52:25
414,Salta,-24.7859,-65.4117,68.59,70,75,1.99,broken clouds,AR,2022-01-31 23:52:25
415,Inhambane,-23.865,35.3833,75.52,83,37,6.51,scattered clouds,MZ,2022-01-31 23:52:25
416,Kirakira,-10.4544,161.9205,84.63,73,87,3.53,overcast clouds,SB,2022-01-31 23:53:26
417,Nagykanizsa,46.4535,16.991,31.59,93,86,3.58,overcast clouds,HU,2022-01-31 23:53:26
418,Santa Lucia,27.9117,-15.5407,64.76,70,100,5.75,overcast clouds,ES,2022-01-31 23:53:26
419,Gerash,27.6652,54.1371,56.82,56,0,2.04,clear sky,IR,2022-01-31 23:53:27
420,Immokalee,26.4187,-81.4173,61.92,35,0,4.61,clear sky,US,2022-01-31 23:53:27
421,Ust-Ilimsk,58.0006,102.6619,-2.16,99,98,1.95,overcast clouds,RU,2022-01-31 23:53:28
422,Hameenlinna,60.996,24.4643,19.02,97,100,5.32,overcast clouds,FI,2022-01-31 23:53:28
423,Sur,22.5667,59.5289,72.0,59,0,5.79,clear sky,OM,2022-01-31 23:53:28
424,Namibe,-15.1961,12.1522,71.78,72,99,8.68,overcast clouds,AO,2022-01-31 23:53:29
425,Svetlyy,54.675,20.1347,32.05,62,99,13.76,overcast clouds,RU,2022-01-31 23:53:29
426,Avera,33.194,-82.5271,51.71,50,97,5.44,overcast clouds,US,2022-01-31 23:53:29
427,Sakakah,29.9697,40.2064,47.77,57,2,9.84,clear sky,SA,2022-01-31 23:53:25
428,Havre-Saint-Pierre,50.2334,-63.5986,12.79,72,100,13.8,overcast clouds,CA,2022-01-31 23:52:46
429,Deputatskiy,69.3,139.9,-26.21,100,59,3.83,broken clouds,RU,2022-01-31 23:53:30
430,Salalah,17.0151,54.0924,66.58,68,2,4.72,clear sky,OM,2022-01-31 23:53:31
431,Goure,13.9835,10.2704,55.17,20,3,10.87,clear sky,NE,2022-01-31 23:53:31
432,Gari,59.4307,62.3497,-6.05,100,78,2.33,broken clouds,RU,2022-01-31 23:53:31
433,Lompoc,34.6391,-120.4579,66.51,72,0,9.22,clear sky,US,2022-01-31 23:51:06
434,Dingle,10.9995,122.6711,77.63,86,99,9.71,overcast clouds,PH,2022-01-31 23:48:49
435,Pimentel,-6.8367,-79.9342,73.69,68,0,18.41,clear sky,PE,2022-01-31 23:53:32
436,Narasannapeta,18.4167,84.05,65.8,88,26,4.12,scattered clouds,IN,2022-01-31 23:53:32
437,Camacari,-12.6975,-38.3242,82.17,84,0,6.13,clear sky,BR,2022-01-31 23:53:33
438,Fort Nelson,58.8053,-122.7002,-0.81,78,75,2.3,light snow,CA,2022-01-31 23:53:33
439,Mobaye,4.319,21.1786,72.01,30,65,2.08,broken clouds,CF,2022-01-31 23:53:33
440,Cockburn Town,21.4612,-71.1419,73.85,72,96,22.57,overcast clouds,TC,2022-01-31 23:51:44
441,Lake Charles,30.2131,-93.2044,64.38,73,100,4.0,overcast clouds,US,2022-01-31 23:53:34
442,Mazagao,-0.115,-51.2894,77.05,96,85,3.13,moderate rain,BR,2022-01-31 23:53:34
443,Cap Malheureux,-19.9842,57.6142,79.47,70,67,5.99,broken clouds,MU,2022-01-31 23:53:35
444,Salvacion,7.9833,126.1333,75.96,92,96,2.04,overcast clouds,PH,2022-01-31 23:53:35
445,Honningsvag,70.9821,25.9704,28.83,75,99,12.44,overcast clouds,NO,2022-01-31 23:53:35
446,Ambulu,-8.345,113.6058,78.55,84,100,2.95,overcast clouds,ID,2022-01-31 23:53:36
447,Paamiut,61.994,-49.6678,20.88,79,100,16.35,light snow,GL,2022-01-31 23:53:36
448,Kibondo,-3.5864,30.7203,59.83,97,100,3.2,overcast clouds,TZ,2022-01-31 23:53:36
449,Laguna,38.421,-121.4238,64.63,53,0,3.0,clear sky,US,2022-01-31 23:53:37
450,El Seibo,18.7641,-69.0375,76.53,90,45,6.2,scattered clouds,DO,2022-01-31 23:53:37
451,Yenagoa,4.9247,6.2642,72.75,73,54,3.06,broken clouds,NG,2022-01-31 23:53:37
452,Kot Samaba,28.5522,70.4684,60.33,32,0,8.86,clear sky,PK,2022-01-31 23:53:38
453,Sinnamary,5.3833,-52.95,76.8,86,100,9.4,overcast clouds,GF,2022-01-31 23:53:38
454,Ferrandina,40.5012,16.4547,47.98,79,100,4.23,overcast clouds,IT,2022-01-31 23:53:38
455,Chimore,-16.9833,-65.1333,72.61,98,91,2.15,overcast clouds,BO,2022-01-31 23:53:39
456,Usvyaty,55.7456,30.7533,19.85,99,97,2.73,overcast clouds,RU,2022-01-31 23:53:39
457,Verkhnevilyuysk,63.4453,120.3167,-30.37,100,97,3.76,overcast clouds,RU,2022-01-31 23:53:40
458,Walvis Bay,-22.9575,14.5053,70.09,83,100,8.01,overcast clouds,NA,2022-01-31 23:53:40
459,Baculin,7.4525,126.5842,80.26,76,86,8.23,overcast clouds,PH,2022-01-31 23:53:40
460,Lebanon,36.2081,-86.2911,46.92,54,0,0.0,clear sky,US,2022-01-31 23:53:41
461,Beloha,-25.1667,45.05,71.76,81,47,12.24,scattered clouds,MG,2022-01-31 23:53:41
462,Erenhot,43.6475,111.9767,-1.86,85,4,6.8,clear sky,CN,2022-01-31 23:53:41
463,Srednekolymsk,67.45,153.6833,-14.15,92,100,4.65,overcast clouds,RU,2022-01-31 23:54:42
464,Bakau,13.4781,-16.6819,75.34,60,100,10.36,overcast clouds,GM,2022-01-31 23:54:42
465,Bulaevo,54.9056,70.4439,21.54,95,100,10.58,overcast clouds,KZ,2022-01-31 23:54:42
466,Pietarsaari,63.65,22.6833,11.89,97,48,7.05,scattered clouds,FI,2022-01-31 23:54:43
467,Dejen,10.1667,38.1333,55.38,49,26,2.71,scattered clouds,ET,2022-01-31 23:54:43
468,Padang,-0.9492,100.3543,77.05,88,66,2.06,broken clouds,ID,2022-01-31 23:52:43
469,Trenggalek,-8.05,111.7167,77.34,88,100,2.06,overcast clouds,ID,2022-01-31 23:54:44
470,Junagadh,21.5167,70.4667,63.07,88,0,4.32,clear sky,IN,2022-01-31 23:54:44
471,Bacalar,18.6667,-88.3833,70.86,70,98,5.95,overcast clouds,MX,2022-01-31 23:54:44
472,Bani Walid,31.7566,13.9942,50.14,37,34,14.43,scattered clouds,LY,2022-01-31 23:54:45
473,Uyemskiy,64.4743,40.8524,15.85,92,40,4.47,scattered clouds,RU,2022-01-31 23:54:45
474,Orshanka,56.9161,47.8933,23.25,97,98,7.85,overcast clouds,RU,2022-01-31 23:54:46
475,Altay,47.8667,88.1167,7.57,64,89,4.85,overcast clouds,CN,2022-01-31 23:54:46
476,Kijang,35.2442,129.2139,31.73,51,11,12.64,few clouds,KR,2022-01-31 23:54:46
477,Road Town,18.4167,-64.6167,78.84,73,20,3.44,few clouds,VG,2022-01-31 23:51:21
478,Gao,16.6362,1.637,63.37,9,34,13.22,scattered clouds,ML,2022-01-31 23:54:47
479,Obihiro,42.9172,143.2044,6.21,77,5,8.16,clear sky,JP,2022-01-31 23:54:47
480,Port-Gentil,-0.7193,8.7815,80.96,77,36,7.49,light rain,GA,2022-01-31 23:54:48
481,Ugoofaaru,5.6667,73.0,82.29,72,11,12.57,few clouds,MV,2022-01-31 23:54:48
482,Ucluelet,48.9329,-125.5528,46.09,82,9,3.0,clear sky,CA,2022-01-31 23:54:48
483,Richards Bay,-28.783,32.0377,74.35,82,61,9.89,broken clouds,ZA,2022-01-31 23:53:13
484,Namtsy,62.7161,129.6658,-21.89,100,100,2.39,overcast clouds,RU,2022-01-31 23:54:49
485,Tumen,42.9661,129.8425,6.28,82,31,3.65,scattered clouds,CN,2022-01-31 23:54:49
486,Sawakin,19.1059,37.3321,68.79,56,89,14.67,overcast clouds,SD,2022-01-31 23:54:49
487,Derzhavinsk,51.1,66.3167,18.63,94,100,15.08,light snow,KZ,2022-01-31 23:54:50
488,Espirito Santo Do Pinhal,-22.1158,-46.6828,68.72,98,99,3.51,overcast clouds,BR,2022-01-31 23:54:50
489,Tukrah,32.5341,20.5791,54.27,77,37,19.82,scattered clouds,LY,2022-01-31 23:54:51
490,Santa Maria,-29.6842,-53.8069,81.7,51,40,3.44,scattered clouds,BR,2022-01-31 23:54:51
491,Hot Springs,34.5037,-93.0552,64.8,45,20,4.61,few clouds,US,2022-01-31 23:50:18
492,Sobolevo,54.4299,31.8996,23.67,97,100,5.88,snow,RU,2022-01-31 23:54:51
493,Nogliki,51.8333,143.1667,8.44,88,100,23.44,overcast clouds,RU,2022-01-31 23:54:15
494,Puerto Escondido,15.85,-97.0667,81.54,67,10,10.49,clear sky,MX,2022-01-31 23:54:52
495,Say,13.1007,2.3689,72.16,15,14,10.31,few clouds,NE,2022-01-31 23:54:52
496,Chegdomyn,51.1167,133.0167,-16.47,100,98,0.25,overcast clouds,RU,2022-01-31 23:54:53
497,Prachuap Khiri Khan,12.2167,99.75,71.91,96,22,2.68,few clouds,TH,2022-01-31 23:51:51
498,Helong,42.5397,128.9972,13.14,77,98,2.44,overcast clouds,CN,2022-01-31 23:54:53
499,Wajir,1.7471,40.0573,75.83,70,72,16.2,broken clouds,KE,2022-01-31 23:54:53
500,Tondela,40.5167,-8.0833,47.59,54,0,9.4,clear sky,PT,2022-01-31 23:54:54
501,Mandera,3.9366,41.867,75.6,58,87,14.0,overcast clouds,KE,2022-01-31 23:54:54
502,Labytnangi,66.6572,66.4183,-21.41,100,82,3.04,broken clouds,RU,2022-01-31 23:54:54
503,Mount Isa,-20.7333,139.5,85.77,66,73,12.66,broken clouds,AU,2022-01-31 23:54:55
504,Vengerovo,55.6848,76.7471,16.88,95,98,10.2,light snow,RU,2022-01-31 23:54:55
505,Nadym,65.5333,72.5167,-19.95,100,100,6.38,overcast clouds,RU,2022-01-31 23:54:55
506,Coihaique,-45.5752,-72.0662,59.61,63,75,8.05,broken clouds,CL,2022-01-31 23:54:56
507,Thinadhoo,0.5333,72.9333,82.56,69,19,11.05,few clouds,MV,2022-01-31 23:54:56
508,Jieshi,22.8134,115.8257,51.94,88,100,10.4,overcast clouds,CN,2022-01-31 23:54:57
509,Cognac,45.5,-0.25,42.6,81,0,8.05,clear sky,FR,2022-01-31 23:54:57
510,Olafsvik,64.8945,-23.7142,25.84,80,87,23.2,overcast clouds,IS,2022-01-31 23:53:33
511,Klyuchi,52.2667,79.1667,5.41,97,74,6.87,broken clouds,RU,2022-01-31 23:55:57
512,Huarmey,-10.0681,-78.1522,71.92,80,84,8.61,broken clouds,PE,2022-01-31 23:55:58
513,Aranos,-24.1333,19.1167,69.03,86,100,7.09,moderate rain,NA,2022-01-31 23:55:58
514,Kolobrzeg,54.1757,15.5834,34.97,69,96,10.04,overcast clouds,PL,2022-01-31 23:55:59
515,Bambanglipuro,-7.95,110.2833,62.6,84,100,3.11,overcast clouds,ID,2022-01-31 23:55:59
516,San Policarpo,12.1791,125.5072,79.79,82,69,10.58,broken clouds,PH,2022-01-31 23:55:59
517,Salinas,36.6777,-121.6555,60.35,79,40,4.61,scattered clouds,US,2022-01-31 23:55:20
518,Aromashevo,56.8602,68.6375,6.85,98,92,3.69,overcast clouds,RU,2022-01-31 23:56:00
519,Kataysk,56.289,62.5841,-4.49,100,75,3.85,broken clouds,RU,2022-01-31 23:56:00
520,Yuzhno-Kurilsk,44.0306,145.8556,26.01,77,100,23.31,overcast clouds,RU,2022-01-31 23:56:01
521,Talas,38.6908,35.5538,27.27,100,75,0.0,mist,TR,2022-01-31 23:56:01
522,Kalaleh,37.3807,55.4916,46.63,43,77,9.84,broken clouds,IR,2022-01-31 23:56:01
523,Qaqortoq,60.7167,-46.0333,20.93,76,97,19.42,overcast clouds,GL,2022-01-31 23:56:02
524,Lock Haven,41.137,-77.4469,29.35,76,84,1.92,broken clouds,US,2022-01-31 23:56:02
525,Verkhoyansk,67.5447,133.385,-28.68,98,100,1.63,overcast clouds,RU,2022-01-31 23:56:03
526,Sarandi,-23.4436,-51.8739,80.15,65,40,4.61,scattered clouds,BR,2022-01-31 23:56:03
527,Mahanoro,-19.9,48.8,75.31,85,61,5.91,light rain,MG,2022-01-31 23:56:03
528,Savyntsi,49.4026,37.0627,29.12,92,99,14.27,overcast clouds,UA,2022-01-31 23:56:04
529,Bayan,46.0833,127.4,-10.03,99,96,4.32,overcast clouds,CN,2022-01-31 23:56:04
530,Bungu,-7.6337,39.0582,71.65,97,75,3.33,light rain,TZ,2022-01-31 23:56:05
531,Porterville,36.0652,-119.0168,57.78,47,100,1.43,overcast clouds,US,2022-01-31 23:56:05
532,Roald,62.5833,6.1333,31.33,93,100,12.66,light snow,NO,2022-01-31 23:56:06
533,Ayan,56.45,138.1667,-0.29,67,99,15.95,overcast clouds,RU,2022-01-31 23:56:06
534,Pekalongan,-6.8886,109.6753,79.02,81,99,5.37,overcast clouds,ID,2022-01-31 23:56:06
535,Suzuka,34.8833,136.5833,42.69,66,19,4.25,few clouds,JP,2022-01-31 23:56:07
536,Rock Sound,24.9,-76.2,68.22,58,13,16.13,few clouds,BS,2022-01-31 23:56:07
537,Sigli,5.3848,95.9609,76.64,83,98,3.8,overcast clouds,ID,2022-01-31 23:56:07
538,Buluang,13.3068,123.3425,77.49,83,44,4.41,scattered clouds,PH,2022-01-31 23:56:08
539,Chase,50.8165,-119.6857,38.95,88,23,2.51,few clouds,CA,2022-01-31 23:56:08
540,Chandler,33.3062,-111.8412,70.23,21,76,2.28,broken clouds,US,2022-01-31 23:51:28
541,Denpasar,-8.65,115.2167,82.06,78,40,10.36,scattered clouds,ID,2022-01-31 23:55:01
542,Kamariotissa,40.4833,25.4667,52.61,53,100,17.81,overcast clouds,GR,2022-01-31 23:56:09
543,Bubaque,11.2833,-15.8333,77.52,67,88,13.18,overcast clouds,GW,2022-01-31 23:52:38
544,Whitehorse,60.7161,-135.0538,-1.89,64,0,5.99,clear sky,CA,2022-01-31 23:52:55
545,Ferme-Neuve,46.7001,-75.4493,13.78,96,72,2.13,broken clouds,CA,2022-01-31 23:56:10
546,Biala Podlaska,52.0324,23.1165,28.08,82,62,9.98,broken clouds,PL,2022-01-31 23:56:10
547,Jalu,29.0331,21.5482,53.33,66,47,9.42,scattered clouds,LY,2022-01-31 23:56:10
548,Kiunga,-6.1219,141.2906,75.81,91,100,1.41,overcast clouds,PG,2022-01-31 23:56:11
549,Te Anau,-45.4167,167.7167,72.43,44,92,2.15,overcast clouds,NZ,2022-01-31 23:56:11
550,Shahreza,32.0339,51.8794,33.51,95,100,0.27,snow,IR,2022-01-31 23:56:12
551,Byron Bay,-28.65,153.6167,89.06,64,46,1.66,scattered clouds,AU,2022-01-31 23:56:12
552,Zhigansk,66.7697,123.3711,-30.69,99,88,7.34,overcast clouds,RU,2022-01-31 23:54:02
553,Yeppoon,-23.1333,150.7333,87.58,60,27,5.44,scattered clouds,AU,2022-01-31 23:53:00
554,Tsumeb,-19.2333,17.7167,67.55,82,100,11.79,overcast clouds,NA,2022-01-31 23:56:13
555,Oranjestad,12.524,-70.027,78.75,78,20,12.66,few clouds,AW,2022-01-31 23:57:13
556,Rotnes,60.0571,10.8614,24.73,82,67,2.77,broken clouds,NO,2022-01-31 23:57:13
557,Fukue,32.6881,128.8419,43.16,70,75,1.14,broken clouds,JP,2022-01-31 23:57:14
558,Buraydah,26.326,43.975,54.05,34,10,8.59,clear sky,SA,2022-01-31 23:57:14
559,Mangan,27.5167,88.5333,46.89,94,100,2.13,overcast clouds,IN,2022-01-31 23:57:14
560,Kaili,-3.4626,120.2147,72.72,79,99,0.43,light rain,ID,2022-01-31 23:57:15
561,Eyl,7.9803,49.8164,75.24,81,40,13.33,scattered clouds,SO,2022-01-31 23:54:10
562,Westport,41.1415,-73.3579,26.8,65,57,1.99,broken clouds,US,2022-01-31 23:56:48
563,Hualmay,-11.0964,-77.6139,71.37,81,71,8.59,broken clouds,PE,2022-01-31 23:57:15
564,Aykhal,66.0,111.5,-27.47,100,89,4.97,overcast clouds,RU,2022-01-31 23:57:16
565,Poum,-20.2333,164.0167,81.16,73,89,11.61,overcast clouds,NC,2022-01-31 23:57:16
566,Ipixuna,-1.7625,-48.8043,76.95,91,100,3.24,heavy intensity rain,BR,2022-01-31 23:57:16
567,Vallenar,-28.5708,-70.7581,71.51,51,5,4.41,clear sky,CL,2022-01-31 23:57:17
568,Keetmanshoop,-26.5833,18.1333,77.34,61,69,3.85,broken clouds,NA,2022-01-31 23:57:17
569,Kuznechnoye,61.12,29.8686,25.0,94,100,8.43,light snow,RU,2022-01-31 23:57:17
570,Kalamazoo,42.2506,-85.55,26.58,72,55,9.86,broken clouds,US,2022-01-31 23:57:18
571,Sterling,39.0062,-77.4286,32.14,62,29,1.99,scattered clouds,US,2022-01-31 23:56:01
572,Kambove,-10.8764,26.5969,60.67,97,99,2.75,overcast clouds,CD,2022-01-31 23:57:18
573,Comodoro Rivadavia,-45.8667,-67.5,75.06,23,58,25.32,broken clouds,AR,2022-01-31 23:57:19
574,Lerwick,60.1545,-1.1494,41.0,97,100,27.09,overcast clouds,GB,2022-01-31 23:54:36
575,Polyarnyy,69.1989,33.4478,-8.54,100,94,9.26,overcast clouds,RU,2022-01-31 23:57:19
576,Vanderhoof,54.0166,-124.0198,19.62,94,99,1.99,overcast clouds,CA,2022-01-31 23:57:20
577,Methoni,36.8197,21.7049,54.21,78,96,21.99,overcast clouds,GR,2022-01-31 23:57:20
578,Margate,51.3813,1.3862,41.95,83,38,1.99,scattered clouds,GB,2022-01-31 23:55:18
579,Madhupur,24.25,86.65,57.34,56,6,4.76,clear sky,IN,2022-01-31 23:57:20
580,Oksfjord,70.2396,22.3479,20.32,77,100,8.66,light snow,NO,2022-01-31 23:57:21
581,Praia,14.9215,-23.5087,70.34,88,0,13.8,clear sky,CV,2022-01-31 23:57:21
582,Port Lincoln,-34.7333,135.8667,64.49,60,72,21.59,broken clouds,AU,2022-01-31 23:57:21
583,Belaya Gora,68.5333,146.4167,-15.27,94,100,2.62,overcast clouds,RU,2022-01-31 23:57:22
584,Honiara,-9.4333,159.95,85.93,72,95,3.94,overcast clouds,SB,2022-01-31 23:52:57
585,Polewali,-3.4324,119.3435,79.9,66,91,1.88,overcast clouds,ID,2022-01-31 23:57:22
586,Itarema,-2.9248,-39.9167,79.12,77,14,12.21,few clouds,BR,2022-01-31 23:57:23
587,Croydon,40.0873,-74.9035,29.26,66,81,5.17,broken clouds,US,2022-01-31 23:57:23
588,Nargana,9.4428,-78.5906,78.42,75,32,13.29,scattered clouds,PA,2022-01-31 23:57:23
589,Ballina,-28.8667,153.5667,86.77,75,35,3.44,scattered clouds,AU,2022-01-31 23:57:24
590,Sampit,-2.5333,112.95,76.39,86,100,1.28,overcast clouds,ID,2022-01-31 23:57:24
591,Eureka,40.8021,-124.1637,55.74,70,83,10.0,broken clouds,US,2022-01-31 23:57:24
592,Visby,57.6409,18.296,28.62,69,100,11.5,overcast clouds,SE,2022-01-31 23:57:25
593,Roma,43.2128,-75.4557,16.86,69,12,3.27,few clouds,US,2022-01-31 23:57:25
594,Lodja,-3.4833,23.4333,69.37,98,100,3.42,overcast clouds,CD,2022-01-31 23:57:25
595,Kostelec Nad Labem,50.2265,14.5855,37.36,85,100,8.05,overcast clouds,CZ,2022-01-31 23:57:26
596,Pauini,-7.7136,-66.9764,78.58,77,96,1.99,overcast clouds,BR,2022-01-31 23:57:26
597,Yar-Sale,66.8333,70.8333,-16.76,100,68,5.55,broken clouds,RU,2022-01-31 23:57:27
598,Kaka,37.3482,59.6143,43.52,39,33,4.07,scattered clouds,TM,2022-01-31 23:57:27
599,Lac Du Bonnet,50.2536,-96.0612,25.0,91,100,10.33,overcast clouds,CA,2022-01-31 23:53:54
600,Oyem,1.5995,11.5793,67.95,89,98,2.68,overcast clouds,GA,2022-01-31 23:57:28
601,Tevaitoa,-16.7833,-151.5,80.92,73,5,20.56,clear sky,PF,2022-01-31 23:58:28
602,Rebrikha,53.0733,82.3408,7.61,97,97,6.06,overcast clouds,RU,2022-01-31 23:58:28
603,Ibitinga,-21.7578,-48.8289,76.59,96,99,4.41,overcast clouds,BR,2022-01-31 23:58:29
604,Naze,28.3667,129.4833,50.92,60,69,5.46,broken clouds,JP,2022-01-31 23:58:29
605,Demyansk,57.643,32.466,24.98,98,100,3.27,snow,RU,2022-01-31 23:58:29
606,Vestmanna,62.1564,-7.1664,45.52,81,100,32.21,overcast clouds,FO,2022-01-31 23:58:30
607,San Antonio,29.4241,-98.4936,63.05,88,75,1.01,broken clouds,US,2022-01-31 23:55:48
608,Tandil,-37.3217,-59.1332,58.08,38,46,4.18,scattered clouds,AR,2022-01-31 23:58:30
609,Santa Catalina,9.3337,122.8637,79.65,81,100,7.23,overcast clouds,PH,2022-01-31 23:58:30
610,Kapiri Mposhi,-13.9652,28.6809,60.03,97,17,3.47,few clouds,ZM,2022-01-31 23:58:31
611,Grand Gaube,-20.0064,57.6608,79.38,70,65,5.99,broken clouds,MU,2022-01-31 23:58:31
612,Kaliningrad,54.7065,20.511,32.05,63,99,10.92,overcast clouds,RU,2022-01-31 23:57:33
613,Waipawa,-41.4122,175.5153,74.03,55,98,7.4,overcast clouds,NZ,2022-01-31 23:58:32
614,Guaraniacu,-25.1008,-52.8781,76.06,65,57,0.58,broken clouds,BR,2022-01-31 23:58:32
615,Mbekenyera,-10.0,38.9833,69.15,97,35,3.13,scattered clouds,TZ,2022-01-31 23:58:32
616,Jaguarao,-32.5661,-53.3758,66.58,60,41,13.0,scattered clouds,BR,2022-01-31 23:58:33
617,Pemangkat,1.1667,108.9667,76.48,87,79,4.21,broken clouds,ID,2022-01-31 23:58:33
618,Smithers,54.7804,-127.1743,26.92,93,75,2.3,light shower snow,CA,2022-01-31 23:58:34
619,Camacha,33.0833,-16.3333,62.53,82,40,21.85,scattered clouds,PT,2022-01-31 23:58:34
620,Inuvik,68.3499,-133.7218,1.44,81,75,8.05,light snow,CA,2022-01-31 23:58:34
621,San Joaquin,37.9333,-121.3011,63.18,57,100,5.75,overcast clouds,US,2022-01-31 23:58:35
622,Saint-Joseph,-21.3667,55.6167,77.38,79,100,15.43,overcast clouds,RE,2022-01-31 23:58:35
623,Taonan,45.3333,122.7833,-5.69,88,7,4.34,clear sky,CN,2022-01-31 23:58:35
624,Piacabucu,-10.4056,-36.4344,79.27,77,5,7.52,clear sky,BR,2022-01-31 23:58:36
625,Zhangjiakou,40.81,114.8794,6.08,62,3,4.61,light snow,CN,2022-01-31 23:57:01
626,Alofi,-19.0595,-169.9187,78.69,83,75,9.22,broken clouds,NU,2022-01-31 23:57:11
627,Peterhead,57.5058,-1.7981,48.56,88,100,21.34,overcast clouds,GB,2022-01-31 23:58:36
628,Pasighat,28.0667,95.3333,55.26,77,95,2.1,overcast clouds,IN,2022-01-31 23:57:54
629,Abatskoye,56.2875,70.4555,15.53,97,94,4.97,overcast clouds,RU,2022-01-31 23:58:37
630,Carballo,43.213,-8.691,50.02,84,11,9.84,few clouds,ES,2022-01-31 23:58:37
631,Pucallpa,-8.3791,-74.5539,78.84,83,40,2.3,scattered clouds,PE,2022-01-31 23:58:37
632,Bardiyah,31.7561,25.0865,55.53,69,40,11.88,scattered clouds,LY,2022-01-31 23:58:38
633,Oak Ridge,36.0104,-84.2696,45.25,49,28,1.5,scattered clouds,US,2022-01-31 23:58:24
634,Benito Juarez,19.385,-99.165,72.84,29,48,1.01,scattered clouds,MX,2022-01-31 23:58:38
635,Santarem,-2.4431,-54.7083,80.73,89,40,5.75,scattered clouds,BR,2022-01-31 23:58:39
636,Carlisle,40.2015,-77.1889,31.42,90,40,2.98,scattered clouds,US,2022-01-31 23:58:00
637,Ekimchan,53.0667,132.9667,-15.2,99,98,2.21,overcast clouds,RU,2022-01-31 23:58:39
638,Balangiga,11.1097,125.3875,79.16,84,71,8.05,broken clouds,PH,2022-01-31 23:58:39
639,Lagos,6.5833,3.75,79.12,85,7,1.61,clear sky,NG,2022-01-31 23:55:49
640,Leshukonskoye,64.8989,45.7622,-0.11,99,100,3.38,overcast clouds,RU,2022-01-31 23:56:28
641,Teguldet,57.3064,88.1667,-3.68,99,77,3.06,broken clouds,RU,2022-01-31 23:58:40
642,Brighton,50.8284,-0.1395,44.33,83,23,5.99,few clouds,GB,2022-01-31 23:58:40
643,Zarubino,42.63,131.0922,15.82,63,52,7.18,broken clouds,RU,2022-01-31 23:58:41
644,Roebourne,-20.7833,117.1333,86.63,66,82,3.94,light rain,AU,2022-01-31 23:58:41
645,Esna,25.2934,32.554,50.02,59,0,6.11,clear sky,EG,2022-01-31 23:58:42
646,Dumas,35.8656,-101.9732,62.53,20,0,16.11,clear sky,US,2022-01-31 23:58:42
647,Tchaourou,8.8865,2.5975,75.54,11,100,9.15,overcast clouds,BJ,2022-01-31 23:58:42
648,Rayong,12.8333,101.4333,80.73,99,27,4.07,scattered clouds,TH,2022-01-31 23:58:43
649,Prado,-17.3411,-39.2208,78.33,88,2,10.65,clear sky,BR,2022-01-31 23:59:43
650,Kalmunai,7.4167,81.8167,78.01,68,99,7.96,overcast clouds,LK,2022-01-31 23:59:15
651,Weinan,34.5036,109.5089,26.29,52,6,2.21,clear sky,CN,2022-01-31 23:59:43
652,Awjilah,29.1081,21.2869,53.49,65,57,9.6,broken clouds,LY,2022-01-31 23:59:44
653,Shaunavon,49.6501,-108.4181,6.58,91,98,29.1,light snow,CA,2022-01-31 23:59:44
654,Nouadhibou,20.931,-17.0347,66.18,77,100,9.22,overcast clouds,MR,2022-01-31 23:56:18
655,Coari,-4.085,-63.1414,74.44,96,99,2.48,overcast clouds,BR,2022-01-31 23:59:45
656,Ridgecrest,35.6225,-117.6709,59.68,17,100,1.28,overcast clouds,US,2022-01-31 23:56:10
657,Santiago Del Estero,-27.7951,-64.2615,85.06,31,72,7.14,broken clouds,AR,2022-01-31 23:58:32
658,Lazaro Cardenas,17.9583,-102.2,79.29,62,0,8.34,clear sky,MX,2022-01-31 23:59:45
659,Amapa,1.0,-52.0,71.53,99,90,2.13,overcast clouds,BR,2022-01-31 23:59:46
660,Waiuku,-37.25,174.75,78.46,62,100,11.23,overcast clouds,NZ,2022-01-31 23:59:46
661,Rahatgarh,23.7833,78.3667,56.21,57,0,2.66,clear sky,IN,2022-01-31 23:59:47
662,Chervone,49.9564,28.8645,21.07,93,86,9.33,overcast clouds,UA,2022-01-31 23:59:47
663,Panukulan,14.9333,121.8144,77.63,78,98,18.66,light rain,PH,2022-01-31 23:59:47
664,Stokmarknes,68.5646,14.9108,23.49,82,98,5.68,overcast clouds,NO,2022-01-31 23:59:48
665,Cassilandia,-19.1133,-51.7342,70.99,92,100,3.33,overcast clouds,BR,2022-01-31 23:59:48
666,Mogadishu,2.0371,45.3438,77.2,83,70,15.21,broken clouds,SO,2022-01-31 23:56:19
667,Shebunino,46.4339,141.8603,24.15,67,100,14.38,overcast clouds,RU,2022-01-31 23:59:48
668,Hanmer Springs,-42.5167,172.8167,86.32,23,100,0.78,overcast clouds,NZ,2022-01-31 23:59:49
669,Adrar,20.5022,-10.0711,73.67,14,100,10.71,overcast clouds,MR,2022-01-31 23:56:06
670,Agadez,19.75,10.25,50.81,26,0,6.06,clear sky,NE,2022-01-31 23:59:49
671,Monrovia,6.3005,-10.7969,76.77,88,38,4.68,scattered clouds,LR,2022-01-31 23:59:50
672,Manokwari,-0.8667,134.0833,78.76,74,100,11.21,overcast clouds,ID,2022-01-31 23:59:50
673,Aksarayskiy,46.7924,48.0119,26.55,93,75,4.68,broken clouds,RU,2022-01-31 23:59:50
674,Manono,-7.3,27.4167,66.27,99,98,2.73,overcast clouds,CD,2022-01-31 23:59:51
675,Songjianghe,42.1859,127.479,9.18,85,100,1.52,overcast clouds,CN,2022-01-31 23:59:51
676,Pointe Michel,15.25,-61.3833,77.85,75,58,10.36,broken clouds,DM,2022-01-31 23:59:51
677,Baruun-Urt,46.6806,113.2792,-11.69,95,10,5.48,clear sky,MN,2022-01-31 23:58:04
678,Bratsk,56.1325,101.6142,-10.66,100,100,1.66,overcast clouds,RU,2022-01-31 23:59:52
679,Petropavlovka,50.6114,105.3196,-14.48,96,65,3.31,broken clouds,RU,2022-01-31 23:59:52
680,Aasiaat,68.7098,-52.8699,7.43,80,100,13.02,overcast clouds,GL,2022-01-31 23:59:53
681,Greymouth,-42.4667,171.2,72.16,57,100,6.64,overcast clouds,NZ,2022-01-31 23:59:53
682,Wilmington,34.2257,-77.9447,43.92,84,17,3.15,few clouds,US,2022-01-31 23:56:18
683,Pontianak,-0.0333,109.3333,73.38,94,40,3.44,mist,ID,2022-01-31 23:59:54
684,Nguruka,-5.1092,31.0419,65.14,97,100,3.33,light rain,TZ,2022-01-31 23:59:54
685,North Myrtle Beach,33.816,-78.68,45.25,82,72,1.01,broken clouds,US,2022-01-31 23:59:54
686,Muncar,-8.4333,114.3333,79.16,80,99,3.24,overcast clouds,ID,2022-01-31 23:59:55
687,Urucui,-7.2294,-44.5561,76.73,77,56,1.97,broken clouds,BR,2022-01-31 23:59:55
688,Haapiti,-17.5667,-149.8667,85.73,74,7,19.82,light rain,PF,2022-01-31 23:59:55
689,Bilibino,68.0546,166.4372,7.56,68,100,5.28,overcast clouds,RU,2022-01-31 23:57:51
690,Sarkand,45.41,79.9186,19.92,72,97,5.64,overcast clouds,KZ,2022-01-31 23:59:56
691,Mangrol,21.1167,70.1167,69.49,80,0,10.54,clear sky,IN,2022-01-31 23:59:56
692,Lincoln,40.8,-96.667,55.99,26,100,11.3,overcast clouds,US,2022-01-31 23:59:45
693,Zhicheng,30.2956,111.5047,37.65,68,53,1.03,broken clouds,CN,2022-01-31 23:59:57
